age_group,样本数,SHAP均值,就业率,失业率
18-25,134,-0.5324103499334247,0.6865671641791045,0.31343283582089554
26-35,3779,0.0933895118037705,0.8369939137337921,0.16300608626620794
36-45,874,-0.2324775678097802,0.7505720823798627,0.24942791762013727
46-60,181,-0.5353246139857215,0.6353591160220995,0.3646408839779005
60+,12,0.39361619621019156,1.0,0.0
nan,1,-0.42050059915398647,0.0,1.0
