sex,样本数,SHAP均值,就业率,失业率
1,2235,0.20818831512193148,0.8357941834451902,0.1642058165548098
2,2745,-0.14952787033544956,0.7905282331511839,0.20947176684881608
性别,1,0.3076012878677919,0.0,1.0
